"","quad","year","trackID","area","survives","age","distEdgeMin","allEdge","Group","Grazing"
"1","q15",34,19,21.37865,0,1,-0.0235137939453125,1,"et2","No"
"2","q15",34,22,21.99697,0,1,0.0183029174804688,0,"et2","No"
"3","q15",34,21,83.92502,0,1,-0.016143798828125,0,"et2","No"
"4","q15",34,24,24.35325,1,1,7.68246412277222,0,"et2","No"
"5","q15",34,23,37.37521,0,1,5.10063171386719,0,"et2","No"
"6","q15",34,20,19.25692,0,1,-0.0198287963867188,1,"et2","No"
"7","q15",35,24,53.93023,1,2,2.80181741714478,0,"et2","No"
"8","q15",36,24,10.90584,0,3,10.0913782119751,0,"et2","No"
"9","q16",34,5,21.8522,0,1,-0.00289154052734375,1,"et2","No"
"10","q18",34,5,170.4292,0,1,8.5836067199707,0,"et3","No"
"11","q19",34,11,124.6698,1,1,31.2947254180908,0,"et3","No"
"12","q19",34,12,16.11205,1,1,20.0914916992188,0,"et3","No"
"13","q19",34,13,22.15948,0,1,-0.0755648389458656,1,"et3","No"
"14","q19",34,10,5.838617,0,1,5.16722106933594,0,"et3","No"
"15","q20",34,16,167.7945,1,1,-0.00402202643454075,0,"et3","No"
"16","q20",34,17,11.54538,1,1,-0.0242143739014864,1,"et3","No"
"17","q20",34,15,374.5265,1,1,35.5854263305664,0,"et3","No"
"18","q20",35,17,27.6225,1,2,0.0500000007450581,1,"et3","No"
"19","q20",35,15,126.2925,1,2,37.7999992370605,0,"et3","No"
"20","q20",36,15,33.02784,0,3,39.1506004333496,0,"et3","No"
"21","q20",36,17,66.81531,0,3,-0.0670867636799812,0,"et3","No"
"22","q20",36,16,24.829983,0,3,-0.0100562172010541,0,"et3","No"
"23","q21",35,36,2.687862,1,1,10.3184967041016,0,"lb1","No"
"24","q21",35,37,4.621192,0,1,16.0237503051758,0,"lb1","No"
"25","q21",36,36,12.2757,0,2,7.52979278564453,0,"lb1","No"
"26","q21",63,39,9.168869,1,1,30.8242645263672,0,"lb1","No"
"27","q21",65,40,26.56285,1,1,14.7623748779297,0,"lb1","No"
"28","q21",65,39,17.89256,1,3,28.6018142700195,0,"lb1","No"
"29","q21",66,40,104.3322,1,2,11.2055130004883,0,"lb1","No"
"30","q21",66,41,27.5804,1,1,18.6240463256836,0,"lb1","No"
"31","q21",67,41,76.01112,1,2,15.4322357177734,0,"lb1","No"
"32","q21",67,42,36.5278,1,1,0.0199737548828125,0,"lb1","No"
"33","q21",67,43,29.38654,1,1,-0.0239105224609375,0,"lb1","No"
"34","q22",36,37,3.529583,0,1,0.56158447265625,1,"lb1","No"
"35","q22",47,38,27.61364,1,1,5.03554153442383,0,"lb1","No"
"36","q22",48,39,10.64289,1,1,0.373510181903839,1,"lb1","No"
"37","q22",48,38,31.9114,1,2,6.78122329711914,0,"lb1","No"
"38","q22",49,38,25.48156,1,3,6.83342027664185,0,"lb1","No"
"39","q22",50,38,35.18998,1,4,5.39717102050781,0,"lb1","No"
"40","q22",51,46,1.216947,0,1,10.6214141845703,0,"lb1","No"
"41","q22",51,63,1.064968,0,1,2.41174221038818,1,"lb1","No"
"42","q22",51,51,1.841244,0,1,36.2390022277832,0,"lb1","No"
"43","q22",51,44,1.998455,0,1,15.6758117675781,0,"lb1","No"
"44","q22",51,56,3.135968,0,1,42.195125579834,0,"lb1","No"
"45","q22",51,57,1.311479,0,1,3.89968681335449,1,"lb1","No"
"46","q22",51,54,1.202446,0,1,39.1969184875488,0,"lb1","No"
"47","q22",51,55,2.352,0,1,39.5246887207031,0,"lb1","No"
"48","q22",51,62,2.053809,0,1,3.47864508628845,0,"lb1","No"
"49","q22",51,45,6.043396,1,1,13.9311904907227,0,"lb1","No"
"50","q22",51,47,1.711279,0,1,6.21211290359497,0,"lb1","No"
"51","q22",51,58,1.634938,0,1,18.3900146484375,0,"lb1","No"
"52","q22",51,52,1.45792,0,1,5.11132669448853,0,"lb1","No"
"53","q22",51,49,4.31814,1,1,18.7953414916992,0,"lb1","No"
"54","q22",51,48,4.361379,0,1,8.57086181640625,0,"lb1","No"
"55","q22",51,39,13.19796,1,4,-0.50857549905777,1,"lb1","No"
"56","q22",51,42,4.322227,0,1,22.6013946533203,0,"lb1","No"
"57","q22",51,43,6.401705,1,1,9.89316558837891,0,"lb1","No"
"58","q22",51,41,1.122051,0,1,22.2509155273438,0,"lb1","No"
"59","q22",51,61,2.847957,0,1,3.7898268699646,0,"lb1","No"
"60","q22",51,38,69.098646,1,5,5.84966659545898,0,"lb1","No"
"61","q22",51,60,1.289394,0,1,5.00656747817993,0,"lb1","No"
"62","q22",51,53,0.7409354,0,1,11.1434059143066,0,"lb1","No"
"63","q22",51,50,9.958625,0,1,-0.575883030891418,1,"lb1","No"
"64","q22",51,59,1.597672,1,1,14.2586517333984,0,"lb1","No"
"65","q22",51,40,1.028995,0,1,7.74778747558594,0,"lb1","No"
"66","q22",52,65,10.14356,0,1,0.230598449707031,1,"lb1","No"
"67","q22",52,39,24.84946,1,5,-0.0643581002950668,1,"lb1","No"
"68","q22",52,59,5.622948,0,2,10.1220436096191,0,"lb1","No"
"69","q22",52,64,0.551297,0,1,0.168075561523438,1,"lb1","No"
"70","q22",52,69,5.859862,1,1,6.34738254547119,0,"lb1","No"
"71","q22",52,38,55.17668,1,6,5.96673583984375,0,"lb1","No"
"72","q22",52,67,8.486526,0,1,5.92298126220703,0,"lb1","No"
"73","q22",52,49,9.655824,1,2,21.1953353881836,0,"lb1","No"
"74","q22",52,66,8.104637,0,1,4.41535949707031,0,"lb1","No"
"75","q22",52,43,4.763062,0,2,12.3855133056641,0,"lb1","No"
"76","q22",52,68,7.470227,0,1,10.1779699325562,0,"lb1","No"
"77","q22",52,45,3.212259,0,2,17.7800064086914,0,"lb1","No"
"78","q22",53,49,33.06839,0,3,15.6899337768555,0,"lb1","No"
"79","q22",53,39,49.48795,1,6,-0.142202004790306,1,"lb1","No"
"80","q22",53,38,114.5324,1,7,4.18157863616943,0,"lb1","No"
"81","q22",53,69,7.292394,0,2,7.1215295791626,0,"lb1","No"
"82","q22",54,38,110.7239,1,8,3.08153104782104,0,"lb1","No"
"83","q22",54,39,33.76611,1,7,0.0176391527056694,0,"lb1","No"
"84","q22",55,38,182.913,1,9,1.97573113441467,0,"lb1","No"
"85","q22",55,39,117.4518,1,8,0.00142008962575346,0,"lb1","No"
"86","q22",56,39,61.17791,1,9,-0.0641351044178009,0,"lb1","No"
"87","q22",56,70,28.97814,1,1,-0.0741500854492188,1,"lb1","No"
"88","q22",56,71,6.416821,1,1,0.229362487792969,1,"lb1","No"
"89","q22",56,38,58.2748,1,10,4.04952144622803,0,"lb1","No"
"90","q22",57,38,98.61757,1,11,1.70011627674103,0,"lb1","No"
"91","q22",57,39,93.48129,1,10,0.710836350917816,0,"lb1","No"
"92","q22",58,71,9.925756,1,3,0.422843933105469,1,"lb1","No"
"93","q22",58,38,123.1192,1,12,3.22764873504639,0,"lb1","No"
"94","q22",58,39,54.06153,1,11,-0.0994451344013214,0,"lb1","No"
"95","q22",59,72,20.41358,1,1,20.1202926635742,0,"lb1","No"
"96","q22",59,73,25.95866,1,1,0.179340854287148,1,"lb1","No"
"97","q22",59,38,118.578,1,13,4.50391960144043,0,"lb1","No"
"98","q22",59,70,16.37662,0,4,0.026092529296875,1,"lb1","No"
"99","q22",59,71,40.96672,0,4,-0.228057861328125,0,"lb1","No"
"100","q22",59,39,86.77477,1,12,0.00592806981876493,0,"lb1","No"
"101","q22",60,38,66.92332,1,14,4.70081424713135,0,"lb1","No"
"102","q22",60,39,66.9068,1,13,0.0232260916382074,0,"lb1","No"
"103","q22",60,72,4.143904,1,2,22.5029678344727,0,"lb1","No"
"104","q22",61,73,36.44143,1,3,0.614860236644745,0,"lb1","No"
"105","q22",61,72,13.70829,1,3,22.0994491577148,0,"lb1","No"
"106","q22",61,39,216.8127,1,14,-0.0816370919346809,0,"lb1","No"
"107","q22",61,38,231.0501,1,15,1.27078437805176,0,"lb1","No"
"108","q22",64,73,90.74361,1,6,0.0447785183787346,0,"lb1","No"
"109","q22",64,39,147.1542,1,17,-0.200606986880302,0,"lb1","No"
"110","q22",64,38,148.8329,1,18,1.32723498344421,0,"lb1","No"
"111","q22",65,39,187.4948,1,18,-0.0370275564491749,0,"lb1","No"
"112","q22",65,38,213.6651,1,19,-0.00284704472869635,0,"lb1","No"
"113","q22",65,73,59.89071,1,7,-0.42175018787384,0,"lb1","No"
"114","q22",66,73,91.02448,1,8,-0.199417322874069,0,"lb1","No"
"115","q22",66,39,99.39525,1,19,-0.0995254069566727,0,"lb1","No"
"116","q22",66,38,134.9491,1,20,-0.0205108523368835,0,"lb1","No"
"117","q22",67,73,77.14977,1,9,-0.502727091312408,0,"lb1","No"
"118","q22",67,39,114.9485,1,20,0.00581795489415526,0,"lb1","No"
"119","q22",67,38,121.8204,1,21,-0.0425459966063499,0,"lb1","No"
"120","q22",70,39,91.441,1,23,-0.000351300608599558,0,"lb1","No"
"121","q22",70,73,118.7177,1,12,0.162665873765945,0,"lb1","No"
"122","q22",70,38,219.5771,1,24,-0.0467231571674347,0,"lb1","No"
"123","q22",71,73,223.3282,1,13,-0.239922627806664,0,"lb1","No"
"124","q22",71,38,152.2676,1,25,-0.0197919830679893,0,"lb1","No"
"125","q22",71,39,175.4597,1,24,-0.0441439189016819,0,"lb1","No"
"126","q23",36,25,17.1506,0,1,13.7265014648438,0,"lb1","No"
"127","q23",36,26,12.15313,1,1,-0.0061798095703125,1,"lb1","No"
"128","q23",39,26,5.065097,0,4,1.04492950439453,1,"lb1","No"
"129","q23",44,27,467.5706,1,1,9.00656032562256,0,"lb1","No"
"130","q23",45,27,314.854,1,2,8.8524112701416,0,"lb1","No"
"131","q23",46,27,379.9847,1,3,5.34137058258057,0,"lb1","No"
"132","q23",47,27,690.9562,1,4,3.35210967063904,0,"lb1","No"
"133","q23",48,28,16.53938,1,1,-0.226737976074219,1,"lb1","No"
"134","q23",48,27,809.8574,1,5,0.739606499671936,0,"lb1","No"
"135","q23",49,28,14.99163,1,2,-0.943916320800781,1,"lb1","No"
"136","q23",49,27,718.4116,1,6,2.13858914375305,0,"lb1","No"
"137","q23",50,28,57.33221,1,3,-1.27749633789062,0,"lb1","No"
"138","q23",50,27,1137.711,1,7,4.34758377075195,0,"lb1","No"
"139","q23",50,29,3.007841,1,1,4.32278823852539,0,"lb1","No"
"140","q23",51,35,1.93308,0,1,15.1453018188477,0,"lb1","No"
"141","q23",51,31,6.741023,0,1,5.67029571533203,0,"lb1","No"
"142","q23",51,32,0.7562237,0,1,3.78461527824402,1,"lb1","No"
"143","q23",51,28,56.91028,1,4,-0.160797119140625,0,"lb1","No"
"144","q23",51,34,0.7196991,0,1,2.62496280670166,1,"lb1","No"
"145","q23",51,36,1.567639,0,1,17.3116016387939,0,"lb1","No"
"146","q23",51,40,1.967326,0,1,1.24599659442902,1,"lb1","No"
"147","q23",51,30,7.374501,1,1,1.71516418457031,0,"lb1","No"
"148","q23",51,29,4.102083,1,2,3.07702779769897,1,"lb1","No"
"149","q23",51,27,897.4564,1,8,6.77306461334229,0,"lb1","No"
"150","q23",51,38,2.637424,0,1,18.4922866821289,0,"lb1","No"
"151","q23",51,33,2.247504,1,1,16.3559894561768,0,"lb1","No"
"152","q23",51,37,0.7196993,0,1,7.86539459228516,0,"lb1","No"
"153","q23",51,39,1.251483,0,1,36.6161918640137,0,"lb1","No"
"154","q23",52,42,9.836246,1,1,5.81759643554688,0,"lb1","No"
"155","q23",52,41,8.901044,0,1,2.98200225830078,0,"lb1","No"
"156","q23",52,33,3.86581,0,2,14.2907371520996,0,"lb1","No"
"157","q23",52,43,6.911193,0,1,12.1127014160156,0,"lb1","No"
"158","q23",52,45,6.485992,0,1,28.9428958892822,0,"lb1","No"
"159","q23",52,44,13.50972,0,1,0.0412368774414062,1,"lb1","No"
"160","q23",52,30,56.24306,1,2,0.0274276733398438,0,"lb1","No"
"161","q23",52,28,146.230407,1,5,-0.147165685892105,0,"lb1","No"
"162","q23",52,27,1140.99008,1,9,2.7049925327301,0,"lb1","No"
"163","q23",52,29,24.095694,1,3,-0.0985109061002731,1,"lb1","No"
"164","q23",53,29,36.77694,0,4,-0.0154372826218605,1,"lb1","No"
"165","q23",53,27,1364.295,1,10,4.23583602905273,0,"lb1","No"
"166","q23",53,30,58.64492,1,3,-0.0793609619140625,0,"lb1","No"
"167","q23",53,28,185.0866,1,6,-0.0231756698340178,0,"lb1","No"
"168","q23",53,42,32.42845,1,2,-0.033172607421875,0,"lb1","No"
"169","q23",54,30,54.37386,1,4,-0.0829315185546875,0,"lb1","No"
"170","q23",54,28,157.74073,1,7,0.133110046386719,0,"lb1","No"
"171","q23",54,27,1099.89589,1,11,-0.184913635253906,0,"lb1","No"
"172","q23",54,42,14.67175,1,3,-0.0288467407226562,1,"lb1","No"
"173","q23",55,27,1271.52507,1,12,0.0811614990234375,0,"lb1","No"
"174","q23",55,30,93.337346,1,5,-0.194061279296875,0,"lb1","No"
"175","q23",55,42,47.14701,1,4,-0.047882080078125,0,"lb1","No"
"176","q23",55,28,193.49044,1,8,-0.134068846702576,0,"lb1","No"
"177","q23",56,30,84.4017137,1,6,1.41139984130859,0,"lb1","No"
"178","q23",56,46,0.7163137,0,1,6.66055297851562,0,"lb1","No"
"179","q23",56,28,152.8742,1,9,-0.0556564331054688,0,"lb1","No"
"180","q23",56,27,1237.961,1,13,2.48208999633789,0,"lb1","No"
"181","q23",56,42,56.56297,1,5,1.39407348632812,0,"lb1","No"
"182","q23",57,42,92.78923,0,6,0.0009307861328125,0,"lb1","No"
"183","q23",57,28,248.7595,1,10,-0.479914635419846,0,"lb1","No"
"184","q23",57,27,1428.96474,1,14,0.196128845214844,0,"lb1","No"
"185","q23",57,30,207.9452,1,7,0.0096435546875,0,"lb1","No"
"186","q23",58,27,1456.281,1,15,-0.214731514453888,0,"lb1","No"
"187","q23",58,30,286.1928,1,8,-0.21063232421875,0,"lb1","No"
"188","q23",58,28,189.2114,1,11,-0.025821465998888,0,"lb1","No"
"189","q23",59,27,1767.018,1,16,0.1036376953125,0,"lb1","No"
"190","q23",59,28,363.33,1,12,-0.339169651269913,0,"lb1","No"
"191","q23",59,30,400.2052,1,9,-0.163291931152344,0,"lb1","No"
"192","q23",60,30,469.3884,1,10,0.175140380859375,0,"lb1","No"
"193","q23",60,27,1525.471,1,17,-0.42742919921875,0,"lb1","No"
"194","q23",61,27,1616.60767,1,18,0.254575669765472,0,"lb1","No"
"195","q23",61,28,349.4144,1,14,-1.21717882156372,0,"lb1","No"
"196","q23",61,30,463.4653,1,11,0.00713348388671875,0,"lb1","No"
"197","q23",64,28,335.75753,1,17,-0.317703247070312,0,"lb1","No"
"198","q23",64,27,1159.836,1,21,-0.4542236328125,0,"lb1","No"
"199","q23",64,30,1609.652,1,14,0.210006713867188,0,"lb1","No"
"200","q23",65,30,771.2746,1,15,-0.948486328125,0,"lb1","No"
"201","q23",65,28,573.3913,1,18,0.642993032932281,0,"lb1","No"
"202","q23",65,27,1763.073,1,22,-1.08544051647186,0,"lb1","No"
"203","q23",66,27,2055.925,1,23,-0.236711114645004,0,"lb1","No"
"204","q23",66,30,599.0078,1,16,-0.167640686035156,0,"lb1","No"
"205","q23",66,28,601.9054,1,19,0.0729994252324104,0,"lb1","No"
"206","q23",67,28,573.3008,1,20,-0.767173767089844,0,"lb1","No"
"207","q23",67,30,661.2009,1,17,0.0997695922851562,0,"lb1","No"
"208","q23",67,27,2017.097,1,24,-0.394973754882812,0,"lb1","No"
"209","q23",70,30,697.6589,1,20,0.00153350830078125,0,"lb1","No"
"210","q23",70,27,2109.919,1,27,0.0320783443748951,0,"lb1","No"
"211","q23",70,48,8.87512,0,3,6.35783386230469,0,"lb1","No"
"212","q23",70,28,607.0753,1,23,-0.560783505439758,0,"lb1","No"
"213","q23",71,27,2350.004,1,28,-0.872688889503479,0,"lb1","No"
"214","q23",71,30,1284.1239,1,21,-0.855812072753906,0,"lb1","No"
"215","q23",71,28,538.3787,1,24,-0.479112327098846,0,"lb1","No"
"216","q24",37,26,9.380805,0,1,-1.00469970703125,1,"lb1","No"
"217","q24",40,27,3.511243,0,1,9.11671924591064,0,"lb1","No"
"218","q24",40,28,3.033384,0,1,10.0153026580811,0,"lb1","No"
"219","q24",40,29,3.725453,0,1,1.97632122039795,0,"lb1","No"
"220","q24",43,31,23.02851,1,1,28.4730472564697,0,"lb1","No"
"221","q24",44,31,32.52087,1,2,29.2319068908691,0,"lb1","No"
"222","q24",45,31,34.49152,1,3,28.520601272583,0,"lb1","No"
"223","q24",46,31,78.92684,1,4,25.7421417236328,0,"lb1","No"
"224","q24",47,31,143.17,1,5,20.722843170166,0,"lb1","No"
"225","q24",48,31,203.1753,1,6,19.560396194458,0,"lb1","No"
"226","q24",49,32,8.367424,0,1,24.9413833618164,0,"lb1","No"
"227","q24",49,31,145.4471,1,7,20.878532409668,0,"lb1","No"
"228","q24",50,31,75.55061,1,8,31.1058940887451,0,"lb1","No"
"229","q24",50,34,3.986573,0,1,18.7207946777344,0,"lb1","No"
"230","q24",50,33,6.834736,1,1,15.8178405761719,0,"lb1","No"
"231","q24",51,31,207.1861,1,9,26.7284984588623,0,"lb1","No"
"232","q24",51,38,7.550363,1,1,25.3361053466797,0,"lb1","No"
"233","q24",51,35,20.51914,1,1,-0.0734312459826469,0,"lb1","No"
"234","q24",51,40,2.960223,0,1,18.242280960083,0,"lb1","No"
"235","q24",51,36,21.99259,1,1,27.3667144775391,0,"lb1","No"
"236","q24",51,39,0.7234629,1,1,22.3915710449219,0,"lb1","No"
"237","q24",51,42,7.181831,1,1,9.8328914642334,0,"lb1","No"
"238","q24",51,33,37.87227,1,2,22.1902770996094,0,"lb1","No"
"239","q24",51,41,1.565503,1,1,13.4081315994263,0,"lb1","No"
"240","q24",51,37,1.868315,0,1,4.17974853515625,0,"lb1","No"
"241","q24",52,64,16.26051,0,1,2.65176224708557,0,"lb1","No"
"242","q24",52,33,71.18986,1,3,21.8059310913086,0,"lb1","No"
"243","q24",52,35,17.02576,1,2,2.04676008224487,0,"lb1","No"
"244","q24",52,63,3.696807,0,1,10.3306512832642,0,"lb1","No"
"245","q24",52,41,7.766275,0,2,8.54572868347168,0,"lb1","No"
"246","q24",52,42,31.26837,1,2,4.17920017242432,0,"lb1","No"
"247","q24",52,50,3.714303,0,1,8.90724277496338,0,"lb1","No"
"248","q24",52,39,14.11681,0,2,19.7895317077637,0,"lb1","No"
"249","q24",52,31,207.086891,1,10,14.5634231567383,0,"lb1","No"
"250","q24",52,49,13.76633,0,1,24.5479049682617,0,"lb1","No"
"251","q24",52,46,4.082952,0,1,34.5853157043457,0,"lb1","No"
"252","q24",52,65,3.835098,1,1,3.3304431438446,0,"lb1","No"
"253","q24",52,36,44.51796,1,2,26.1765213012695,0,"lb1","No"
"254","q24",52,38,15.4309,1,2,26.4037551879883,0,"lb1","No"
"255","q24",52,62,11.30885,1,1,11.1258029937744,0,"lb1","No"
"256","q24",52,43,3.673385,0,1,3.63506317138672,0,"lb1","No"
"257","q24",52,53,2.038393,0,1,10.1875457763672,0,"lb1","No"
"258","q24",52,54,1.6532,0,1,31.4205551147461,0,"lb1","No"
"259","q24",52,51,1.466477,0,1,33.470817565918,0,"lb1","No"
"260","q24",52,44,3.725662,0,1,0.601371765136719,1,"lb1","No"
"261","q24",52,52,2.007372,0,1,36.1012229919434,0,"lb1","No"
"262","q24",52,48,2.298863,0,1,33.2191009521484,0,"lb1","No"
"263","q24",52,61,3.870652,1,1,20.0607833862305,0,"lb1","No"
"264","q24",52,60,6.155619,0,1,8.04601955413818,0,"lb1","No"
"265","q24",52,47,7.242308,0,1,39.7481384277344,0,"lb1","No"
"266","q24",52,45,1.929765,0,1,22.2231216430664,0,"lb1","No"
"267","q24",52,56,3.643149,0,1,1.60455989837646,0,"lb1","No"
"268","q24",52,58,3.350524,0,1,22.8387622833252,0,"lb1","No"
"269","q24",52,55,2.682201,0,1,8.63991546630859,0,"lb1","No"
"270","q24",52,59,7.722122,0,1,21.280574798584,0,"lb1","No"
"271","q24",52,57,3.175154,0,1,4.71613454818726,0,"lb1","No"
"272","q24",53,42,4.154016,1,3,9.81243801116943,0,"lb1","No"
"273","q24",53,36,45.24806,1,3,22.1134033203125,0,"lb1","No"
"274","q24",53,33,169.1175,1,4,15.0601119995117,0,"lb1","No"
"275","q24",53,31,239.6464,1,11,25.5739784240723,0,"lb1","No"
"276","q24",53,61,2.959524,0,2,23.2616844177246,0,"lb1","No"
"277","q24",53,38,15.02941,1,3,25.9650039672852,0,"lb1","No"
"278","q24",54,42,16.832427,1,4,2.02482008934021,0,"lb1","No"
"279","q24",54,36,36.15615,1,4,24.1614074707031,0,"lb1","No"
"280","q24",54,38,48.57531,1,4,25.3751220703125,0,"lb1","No"
"281","q24",54,35,21.50054,1,4,-0.0506631806492805,1,"lb1","No"
"282","q24",54,66,5.975759,1,1,0.700195670127869,1,"lb1","No"
"283","q24",54,62,4.99918,0,3,7.05769443511963,0,"lb1","No"
"284","q24",54,33,137.1056,1,5,20.0103149414062,0,"lb1","No"
"285","q24",54,31,237.937,1,12,21.2315635681152,0,"lb1","No"
"286","q24",55,36,100.3176,1,5,23.5138473510742,0,"lb1","No"
"287","q24",55,35,63.40109,1,5,-0.0641446560621262,0,"lb1","No"
"288","q24",55,42,22.79377,1,5,5.11437559127808,0,"lb1","No"
"289","q24",55,67,11.52892,0,1,10.366247177124,0,"lb1","No"
"290","q24",55,33,184.6064,1,6,17.5497665405273,0,"lb1","No"
"291","q24",55,31,239.3919,1,13,24.2698135375977,0,"lb1","No"
"292","q24",55,38,108.0476,1,5,22.0269393920898,0,"lb1","No"
"293","q24",55,65,9.435812,1,4,-0.0877251103520393,1,"lb1","No"
"294","q24",55,66,9.000609,0,2,0.0103885922580957,1,"lb1","No"
"295","q24",56,42,44.9366,1,6,3.85042524337769,0,"lb1","No"
"296","q24",56,33,203.475,1,7,20.8884963989258,0,"lb1","No"
"297","q24",56,35,26.57711,1,6,1.2126088142395,0,"lb1","No"
"298","q24",56,31,303.3957,1,14,21.9167251586914,0,"lb1","No"
"299","q24",56,38,164.93695,1,6,12.130729675293,0,"lb1","No"
"300","q24",56,36,96.86047,1,6,25.0177230834961,0,"lb1","No"
"301","q24",57,42,46.26785,1,7,4.42088317871094,0,"lb1","No"
"302","q24",57,35,50.78438,1,7,-0.233554407954216,0,"lb1","No"
"303","q24",57,38,138.5445,1,7,21.234748840332,0,"lb1","No"
"304","q24",57,33,356.2205,1,8,14.0441207885742,0,"lb1","No"
"305","q24",57,36,69.46737,1,7,24.2207794189453,0,"lb1","No"
"306","q24",57,65,25.82504,1,6,0.762914419174194,0,"lb1","No"
"307","q24",57,31,431.1226,1,15,22.3573055267334,0,"lb1","No"
"308","q24",58,38,157.2235,1,8,21.1272506713867,0,"lb1","No"
"309","q24",58,33,323.3842,1,9,15.6393966674805,0,"lb1","No"
"310","q24",58,36,125.3615,1,8,20.4540481567383,0,"lb1","No"
"311","q24",58,42,40.43372,1,8,5.22230195999146,0,"lb1","No"
"312","q24",58,31,369.6099,1,16,23.1889533996582,0,"lb1","No"
"313","q24",58,35,22.88803,1,8,3.54790782928467,0,"lb1","No"
"314","q24",58,65,12.68119,1,7,-0.13841138780117,1,"lb1","No"
"315","q24",59,69,11.97126,0,1,13.9739646911621,0,"lb1","No"
"316","q24",59,31,304.5139,1,17,25.406982421875,0,"lb1","No"
"317","q24",59,35,107.18556,1,9,0.159403964877129,0,"lb1","No"
"318","q24",59,68,15.91862,1,1,9.94060516357422,0,"lb1","No"
"319","q24",59,70,13.46346,1,1,6.47336769104004,0,"lb1","No"
"320","q24",59,65,7.642251,1,8,0.0733941718935966,1,"lb1","No"
"321","q24",59,72,13.47633,0,1,-0.0439116433262825,1,"lb1","No"
"322","q24",59,71,4.128656,1,1,5.96687412261963,0,"lb1","No"
"323","q24",59,33,255.301456,1,10,7.62312316894531,0,"lb1","No"
"324","q24",59,36,66.99928,1,9,24.0226135253906,0,"lb1","No"
"325","q24",59,38,106.9362,1,9,17.3698654174805,0,"lb1","No"
"326","q24",59,42,50.27035,1,9,1.70707893371582,0,"lb1","No"
"327","q24",60,35,34.377441,1,10,1.78729331493378,0,"lb1","No"
"328","q24",60,33,249.9325,1,11,17.8124008178711,0,"lb1","No"
"329","q24",60,38,65.41845,1,10,18.895378112793,0,"lb1","No"
"330","q24",60,70,5.482027,1,2,5.36393880844116,0,"lb1","No"
"331","q24",60,31,313.7736,1,18,24.1539573669434,0,"lb1","No"
"332","q24",60,36,113.0742,0,10,22.3778610229492,0,"lb1","No"
"333","q24",60,42,58.72155,1,10,3.09091544151306,0,"lb1","No"
"334","q24",60,65,21.7192,1,9,-0.424056112766266,1,"lb1","No"
"335","q24",61,70,58.56306,1,3,1.74772500991821,0,"lb1","No"
"336","q24",61,35,148.03009,0,11,-0.219747111201286,0,"lb1","No"
"337","q24",61,38,128.972,1,11,17.9443130493164,0,"lb1","No"
"338","q24",61,33,1014.892,1,12,11.968017578125,0,"lb1","No"
"339","q24",61,42,76.97117,1,11,3.22271728515625,0,"lb1","No"
"340","q24",61,31,495.1586,1,19,19.661096572876,0,"lb1","No"
"341","q24",61,68,39.39211,0,3,12.0508880615234,0,"lb1","No"
"342","q24",61,65,99.21832,1,10,-0.012076479382813,0,"lb1","No"
"343","q24",64,38,262.0533,1,14,12.3947982788086,0,"lb1","No"
"344","q24",64,42,114.4537,1,14,-0.0456235893070698,0,"lb1","No"
"345","q24",64,33,1216.215,1,15,2.87260437011719,0,"lb1","No"
"346","q24",64,71,187.6435,1,6,4.56388854980469,0,"lb1","No"
"347","q24",64,31,333.7523,1,22,16.210599899292,0,"lb1","No"
"348","q24",64,70,108.4882,1,6,10.6745080947876,0,"lb1","No"
"349","q24",65,31,513.4926,1,23,23.0438690185547,0,"lb1","No"
"350","q24",65,42,112.0638,1,15,0.262949228286743,0,"lb1","No"
"351","q24",65,38,180.9543,1,15,18.2689208984375,0,"lb1","No"
"352","q24",65,71,171.3031,1,7,-0.351634174585342,0,"lb1","No"
"353","q24",65,65,36.06948,1,14,0.0798517242074013,0,"lb1","No"
"354","q24",65,33,961.2954,1,16,8.68913269042969,0,"lb1","No"
"355","q24",65,70,142.1064,1,7,-0.0287574306130409,0,"lb1","No"
"356","q24",66,33,893.28697,1,17,1.95813751220703,0,"lb1","No"
"357","q24",66,38,269.0291,1,16,16.2690734863281,0,"lb1","No"
"358","q24",66,70,70.19505,1,8,4.78122806549072,0,"lb1","No"
"359","q24",66,71,154.6131273,1,8,3.06683349609375,0,"lb1","No"
"360","q24",66,73,0.6769248,1,1,15.651985168457,0,"lb1","No"
"361","q24",66,74,0.6769248,0,1,3.76204681396484,1,"lb1","No"
"362","q24",66,42,52.76915,1,16,2.07265496253967,0,"lb1","No"
"363","q24",66,65,30.44234,1,15,2.10140752792358,0,"lb1","No"
"364","q24",66,31,518.373,1,24,20.6124000549316,0,"lb1","No"
"365","q24",67,65,27.46766,1,16,0.0162290092557669,0,"lb1","No"
"366","q24",67,70,103.8541,1,9,3.02026438713074,0,"lb1","No"
"367","q24",67,71,261.428,1,9,-0.0509230755269527,0,"lb1","No"
"368","q24",67,38,187.95302,1,17,19.4669723510742,0,"lb1","No"
"369","q24",67,42,23.464114,1,17,4.17122793197632,0,"lb1","No"
"370","q24",67,33,1312.231236,1,18,-0.036346435546875,0,"lb1","No"
"371","q24",67,31,516.3962,1,25,19.0818672180176,0,"lb1","No"
"372","q24",70,38,275.89423,1,20,15.3728408813477,0,"lb1","No"
"373","q24",70,42,56.12933,1,20,0.118514508008957,0,"lb1","No"
"374","q24",70,33,1270.35995,1,21,-0.207618713378906,0,"lb1","No"
"375","q24",70,71,327.5471,1,12,-0.311595678329468,0,"lb1","No"
"376","q24",70,31,526.1351,1,28,22.7108154296875,0,"lb1","No"
"377","q24",70,70,264.67458,1,12,-0.10125844180584,0,"lb1","No"
"378","q24",70,65,12.58537,0,19,0.125232502818108,1,"lb1","No"
"379","q24",71,70,295.34379,1,13,-0.0260407142341137,0,"lb1","No"
"380","q24",71,33,1311.914,1,22,8.65090179443359,0,"lb1","No"
"381","q24",71,38,417.66632,1,21,18.2143630981445,0,"lb1","No"
"382","q24",71,31,812.1799,1,29,11.659423828125,0,"lb1","No"
"383","q24",71,71,474.3694,1,13,0.033182218670845,0,"lb1","No"
"384","q25",36,19,5.37494,0,1,0.0488615967333317,1,"bb1","No"
"385","q25",40,20,11.3674,0,1,13.9927968978882,0,"bb1","No"
"386","q26",36,3,18.64314,0,1,6.30522918701172,0,"bb1","No"
"387","q26",36,2,9.09154,0,1,18.010986328125,0,"bb1","No"
"388","q26",43,5,10.59995,0,1,2.14906311035156,0,"bb1","No"
"389","q27",40,30,11.27477,0,1,43.819206237793,0,"bb1","No"
"390","q27",40,28,2.671208,0,1,2.65245819091797,1,"bb1","No"
"391","q27",40,31,13.9553,0,1,32.4582595825195,0,"bb1","No"
"392","q27",40,29,2.788628,0,1,3.58901643753052,0,"bb1","No"
"393","q29",36,14,19.01321,0,1,18.7052001953125,0,"lb2","No"
"394","q29",39,15,5.334573,0,1,16.9844131469727,0,"lb2","No"
"395","q29",39,16,2.805519,0,1,14.1404190063477,0,"lb2","No"
"396","q29",39,17,4.384,0,1,15.2951583862305,0,"lb2","No"
"397","q29",39,19,6.997382,0,1,11.4036655426025,0,"lb2","No"
"398","q29",39,18,10.77697,0,1,6.59924745559692,0,"lb2","No"
"399","q30",36,12,4.889384,0,1,0.65618097782135,1,"lb2","No"
"400","q30",37,13,7.151419,1,1,14.1052093505859,0,"lb2","No"
"401","q30",38,14,16.1612,0,1,0.0103836059570312,0,"lb2","No"
"402","q30",38,16,3.439162,0,1,6.37970781326294,0,"lb2","No"
"403","q30",38,17,3.076851,0,1,4.99305152893066,0,"lb2","No"
"404","q30",38,13,10.11526,0,2,13.2449951171875,0,"lb2","No"
"405","q30",38,15,5.366856,0,1,5.87297058105469,0,"lb2","No"
"406","q30",39,19,2.53812,0,1,12.7886276245117,0,"lb2","No"
"407","q30",39,18,0.7266602,0,1,4.83843994140625,0,"lb2","No"
"408","q30",39,20,1.911098,0,1,9.92708015441895,0,"lb2","No"
"409","q30",40,21,2.118635,0,1,12.3051042556763,0,"lb2","No"
"410","q30",43,22,13.56078,0,1,3.09363007545471,0,"lb2","No"
"411","q30",47,23,26.80563,0,1,11.6387634277344,0,"lb2","No"
"412","q30",52,24,3.553927,0,1,19.9320487976074,0,"lb2","No"
"413","q30",53,26,13.04124,0,1,-0.00757366931065917,0,"lb2","No"
"414","q30",53,25,9.57902,0,1,3.70463633537292,0,"lb2","No"
"415","q30",56,28,9.780495,1,1,32.7540512084961,0,"lb2","No"
"416","q30",56,27,23.78182,1,1,-0.00799075979739428,1,"lb2","No"
"417","q30",57,29,13.70926,1,1,22.0110378265381,0,"lb2","No"
"418","q30",57,27,23.35798,1,2,0.146861523389816,0,"lb2","No"
"419","q30",59,27,130.3533,1,4,5.92185068130493,0,"lb2","No"
"420","q30",59,28,8.502332,0,4,30.896297454834,0,"lb2","No"
"421","q30",59,30,14.16511,0,1,2.10437774658203,0,"lb2","No"
"422","q30",59,31,5.928463,0,1,2.69649505615234,0,"lb2","No"
"423","q30",59,34,15.03795,0,1,1.15348815917969,0,"lb2","No"
"424","q30",59,29,15.93862,1,3,21.888542175293,0,"lb2","No"
"425","q30",59,36,3.143405,1,1,0.209035858511925,1,"lb2","No"
"426","q30",59,33,9.82088,0,1,34.7160873413086,0,"lb2","No"
"427","q30",59,32,75.7903,1,1,0.607330322265625,0,"lb2","No"
"428","q30",59,35,13.14715,1,1,0.361349403858185,0,"lb2","No"
"429","q30",60,37,20.34064,1,1,32.2561569213867,0,"lb2","No"
"430","q30",60,32,21.85291,0,2,2.20465087890625,0,"lb2","No"
"431","q30",60,36,50.08093,1,2,1.52083873748779,0,"lb2","No"
"432","q30",60,35,22.16002,1,2,0.31248739361763,0,"lb2","No"
"433","q30",60,27,138.344,1,5,0.853524625301361,0,"lb2","No"
"434","q30",61,27,90.88952,1,6,1.756023645401,0,"lb2","No"
"435","q30",61,29,67.66752,1,5,23.4445419311523,0,"lb2","No"
"436","q30",61,35,49.02656,1,3,-0.437919914722443,0,"lb2","No"
"437","q30",62,36,28.216359,1,4,-0.4503213763237,1,"lb2","No"
"438","q30",62,27,78.22617,1,7,3.799968957901,0,"lb2","No"
"439","q30",62,37,5.353714,0,3,34.7449913024902,0,"lb2","No"
"440","q30",62,29,6.125576,1,6,28.0881805419922,0,"lb2","No"
"441","q30",62,35,17.397278,1,4,-0.893513739109039,1,"lb2","No"
"442","q30",63,29,16.26211,1,7,28.1863346099854,0,"lb2","No"
"443","q30",63,27,318.6696,1,8,0.0802071392536163,0,"lb2","No"
"444","q30",64,35,46.82669,0,6,-0.472201883792877,0,"lb2","No"
"445","q30",64,38,35.76961,0,1,0.233630955219269,0,"lb2","No"
"446","q30",64,27,504.3366,1,9,-0.354140549898148,0,"lb2","No"
"447","q30",64,29,15.12953,1,8,30.8609352111816,0,"lb2","No"
"448","q30",65,27,689.7595,1,10,-0.351264357566833,0,"lb2","No"
"449","q30",65,36,56.37601,0,7,5.57136249542236,0,"lb2","No"
"450","q30",68,27,13.79835,1,13,4.8071141242981,0,"lb2","No"
"451","q30",69,27,245.01241,1,14,0.0084380516782403,0,"lb2","No"
"452","q30",70,27,114.0921,0,15,0.987264573574066,0,"lb2","No"
"453","q30",71,39,16.57062,1,1,8.48908519744873,0,"lb2","No"
"454","q31",38,7,0.6962176,0,1,30.666654586792,0,"lb2","No"
"455","q31",50,9,2.69175,1,1,3.39910888671875,0,"lb2","No"
"456","q31",51,10,2.555088,0,1,17.1042861938477,0,"lb2","No"
"457","q31",51,12,4.014492,0,1,29.1022644042969,0,"lb2","No"
"458","q31",51,13,12.97752,1,1,26.5270042419434,0,"lb2","No"
"459","q31",51,16,8.438597,0,1,10.0375480651855,0,"lb2","No"
"460","q31",51,11,4.147853,0,1,10.0469436645508,0,"lb2","No"
"461","q31",51,9,1.624056,0,2,7.36562347412109,0,"lb2","No"
"462","q31",51,15,3.306686,0,1,19.052562713623,0,"lb2","No"
"463","q31",51,14,3.738371,0,1,22.0513610839844,0,"lb2","No"
"464","q31",53,13,7.030096,0,3,28.6605968475342,0,"lb2","No"
"465","q31",70,18,87.8912,0,1,-0.227899223566055,1,"lb2","No"
"466","q32",34,7,90.48537,1,1,2.60747694969177,0,"lb2","No"
"467","q32",35,7,11.335198,0,2,-0.119417786598206,0,"lb2","No"
"468","q32",36,7,5.307919,0,3,10.1545372009277,0,"lb2","No"
"469","q34",45,139,39.18437,0,1,3.64925956726074,0,"lb3","No"
"470","q4",69,99,312.3059,1,1,11.8892335891724,0,"sg1a","No"
"471","q4",70,99,282.0887,0,2,14.6514139175415,0,"sg1a","No"
"472","q4",70,100,14.33355,0,1,3.79904627799988,0,"sg1a","No"
"473","q4",71,101,0.7098601,0,1,2.83066582679749,1,"sg1a","No"
"474","q45",35,97,17.95434,0,1,-0.00419624103233218,0,"sg3","Yes"
"475","q45",35,96,33.19767,0,1,7.93629455566406,0,"sg3","Yes"
"476","q6",70,102,45.81498,0,1,-0.132347106933594,0,"sg1a","No"
"477","q7",70,84,8.861062,0,1,2.11541748046875,0,"et1","No"
"478","q8",65,28,69.67735,1,1,24.3829936981201,0,"et1","No"
"479","q8",66,28,68.28075,1,2,25.0368061065674,0,"et1","No"
"480","q8",66,29,2.007602,0,1,10.7404651641846,0,"et1","No"
"481","q8",67,28,113.3318,1,3,30.747091293335,0,"et1","No"
"482","q8",68,28,177.8667,1,4,24.924165725708,0,"et1","No"
"483","q8",68,30,7.682408,1,1,11.3867492675781,0,"et1","No"
"484","q8",68,31,6.598264,0,1,17.2880172729492,0,"et1","No"
"485","q8",69,28,435.9272,1,5,19.5334205627441,0,"et1","No"
"486","q8",69,30,64.66772,1,2,11.0428314208984,0,"et1","No"
"487","q8",70,28,339.5684,1,6,18.4629993438721,0,"et1","No"
"488","q8",70,33,118.8131,1,1,22.0823364257812,0,"et1","No"
"489","q8",70,30,137.8629,1,3,8.26492309570312,0,"et1","No"
"490","q8",70,32,169.5654,1,1,-0.383369445800781,0,"et1","No"
"491","q8",71,28,180.445,1,7,29.3997192382812,0,"et1","No"
"492","q8",71,30,115.5259,1,4,6.65628814697266,0,"et1","No"
"493","q8",71,34,28.44313,1,1,-0.0084381103515625,0,"et1","No"
"494","q8",71,35,145.9321,1,1,0.0152234900742769,0,"et1","No"
"495","q8",71,32,143.7085,1,2,-0.226730346679688,0,"et1","No"
"496","q8",71,33,22.02652,1,2,25.0180206298828,0,"et1","No"
